{"_runtime":4977.2175587,"loss1":5.994016646582168e-06,"loss2":0.8175878524780273,"_timestamp":1.7541878103079138e+09,"visualización_epoch":{"path":"media/images/visualización_epoch_15_06bd0e8f7ba1d57b1671.png","format":"png","width":1200,"height":1000,"_type":"image-file","sha256":"06bd0e8f7ba1d57b1671047fde084da0be434df3e80563976bcf444e134ca245","size":188275},"_step":15,"loss":5.994016646582168e-06,"_wandb":{"runtime":4977}}