{"_timestamp":1.7540945751949031e+09,"visualización_epoch":{"sha256":"0156a393a4640b41d4d854039aa54b3ef7865c95e9b6ba57cf6c30bd0fbb882c","size":194314,"path":"media/images/visualización_epoch_5_0156a393a4640b41d4d8.png","format":"png","width":1200,"height":1000,"_type":"image-file"},"_wandb":{"runtime":1964},"_runtime":1964.7960207,"_step":5,"loss":0.00020267472427804023,"loss1":0.00020267472427804023,"loss2":0.8112821578979492}